day,DVS,LAI,TAGP,TWSO,TWLV,TWST,TWRT,TRA,RD,SM,WWLOW
2006-01-01,,,,,,,,,,0.4,49.099999999999994
2006-01-02,,,,,,,,,,0.3,47.629999999999995
2006-01-03,,,,,,,,,,0.3,46.16
2006-01-04,,,,,,,,,,0.3,44.69
2006-01-05,,,,,,,,,,0.2997965897884711,43.21796589788471
2006-01-06,,,,,,,,,,0.2996075386139547,41.746075386139545
2006-01-07,,,,,,,,,,0.2993488066940358,40.27348806694036
2006-01-08,,,,,,,,,,0.2993488066940358,38.80348806694036
2006-01-09,,,,,,,,,,0.29892119831491487,37.32921198314915
2006-01-10,,,,,,,,,,0.29892119831491487,35.98921198314915
2006-01-11,,,,,,,,,,0.29892119831491487,35.98921198314915
2006-01-12,,,,,,,,,,0.3629211983149149,36.62921198314915
2006-01-13,,,,,,,,,,0.3,36.0
2006-01-14,,,,,,,,,,0.3,36.0
2006-01-15,,,,,,,,,,0.29953812812080816,35.99538128120808
2006-01-16,,,,,,,,,,0.29953812812080816,35.99538128120808
2006-01-17,,,,,,,,,,0.3045381281208081,36.04538128120808
2006-01-18,,,,,,,,,,0.368,36.68
2006-01-19,,,,,,,,,,0.302,36.02
2006-01-20,,,,,,,,,,0.321,36.21
2006-01-21,,,,,,,,,,0.34700000000000003,36.47
2006-01-22,,,,,,,,,,0.307,36.07
2006-01-23,,,,,,,,,,0.3,36.0
2006-01-24,,,,,,,,,,0.2999921787110671,35.99992178711067
2006-01-25,,,,,,,,,,0.2998569908488439,35.99856990848844
2006-01-26,,,,,,,,,,0.3098569908488439,36.098569908488436
2006-01-27,,,,,,,,,,0.3,36.0
2006-01-28,,,,,,,,,,0.29971496568022166,35.997149656802215
2006-01-29,,,,,,,,,,0.29971197702903407,35.99711977029034
2006-01-30,,,,,,,,,,0.29971197702903407,35.99711977029034
2006-01-31,,,,,,,,,,0.2995965404621683,35.995965404621685
2006-02-01,,,,,,,,,,0.2995965404621683,35.995965404621685
2006-02-02,,,,,,,,,,0.299528208425731,35.99528208425731
2006-02-03,,,,,,,,,,0.299528208425731,35.99528208425731
2006-02-04,,,,,,,,,,0.2994795933138275,35.99479593313828
2006-02-05,,,,,,,,,,0.2992760390557184,35.99276039055719
2006-02-06,,,,,,,,,,0.311236591548819,36.11236591548819
2006-02-07,,,,,,,,,,0.302,36.02
2006-02-08,,,,,,,,,,0.3077242966046807,36.07724296604681
2006-02-09,,,,,,,,,,0.41,37.1
2006-02-10,,,,,,,,,,0.32599999999999996,36.26
2006-02-11,,,,,,,,,,0.309,36.09
2006-02-12,,,,,,,,,,0.3,36.0
2006-02-13,,,,,,,,,,0.32972390493884296,36.29723904938843
2006-02-14,,,,,,,,,,0.3,36.0
2006-02-15,,,,,,,,,,0.30715613409240355,36.071561340924035
2006-02-16,,,,,,,,,,0.41,37.1
2006-02-17,,,,,,,,,,0.363,36.63
2006-02-18,,,,,,,,,,0.374,36.74
2006-02-19,,,,,,,,,,0.301,36.01
2006-02-20,,,,,,,,,,0.30114872879397636,36.011487287939765
2006-02-21,,,,,,,,,,0.2981020047036227,35.981020047036225
2006-02-22,,,,,,,,,,0.3174337215647843,36.174337215647846
2006-02-23,,,,,,,,,,0.3,36.0
2006-02-24,,,,,,,,,,0.29917229646454097,35.99172296464541
2006-02-25,,,,,,,,,,0.29722329903242556,35.97223299032426
2006-02-26,,,,,,,,,,0.2959434334119753,35.959434334119756
2006-02-27,,,,,,,,,,0.29491239690813936,35.94912396908139
2006-02-28,,,,,,,,,,0.316335469953325,36.16335469953325
2006-03-01,,,,,,,,,,0.38,36.8
2006-03-02,,,,,,,,,,0.33199999999999996,36.32
2006-03-03,,,,,,,,,,0.335,36.35
2006-03-04,,,,,,,,,,0.32,36.2
2006-03-05,,,,,,,,,,0.307,36.07
2006-03-06,,,,,,,,,,0.33399999999999996,36.34
2006-03-07,,,,,,,,,,0.383,36.83
2006-03-08,,,,,,,,,,0.304,36.04
2006-03-09,,,,,,,,,,0.41,37.1
2006-03-10,,,,,,,,,,0.36500000000000005,36.65
2006-03-11,,,,,,,,,,0.374,36.74
2006-03-12,,,,,,,,,,0.3,36.0
2006-03-13,,,,,,,,,,0.2983191246093232,35.983191246093234
2006-03-14,,,,,,,,,,0.29607669242420787,35.96076692424208
2006-03-15,,,,,,,,,,0.29349236465856743,35.93492364658567
2006-03-16,,,,,,,,,,0.29130954193982334,35.91309541939823
2006-03-17,,,,,,,,,,0.29018873373264426,35.90188733732644
2006-03-18,,,,,,,,,,0.2887953913948042,35.88795391394804
2006-03-19,,,,,,,,,,0.28721427993832416,35.87214279938324
2006-03-20,,,,,,,,,,0.2861136717258931,35.86113671725893
2006-03-21,,,,,,,,,,0.2845563510042444,35.845563510042446
2006-03-22,,,,,,,,,,0.2828452194864086,35.828452194864084
2006-03-23,,,,,,,,,,0.28159042452972066,35.815904245297205
2006-03-24,,,,,,,,,,0.2790018340065725,35.79001834006573
2006-03-25,,,,,,,,,,0.28843056637699305,35.88430566376993
2006-03-26,,,,,,,,,,0.3436557522105324,36.436557522105325
2006-03-27,,,,,,,,,,0.382,36.82
2006-03-28,,,,,,,,,,0.324,36.24
2006-03-29,,,,,,,,,,0.30962800926322476,36.09628009263225
2006-03-30,,,,,,,,,,0.33976826409392735,36.39768264093927
2006-03-31,0.0,0.0006936,0.40800000000000003,0.0,0.3468,0.061200000000000004,0.10200000000000001,7.070609054760221e-05,10.0,0.41,37.1
2006-04-01,0.011375000000000001,0.000776432712692062,0.4567251251129776,0.0,0.38821635634603097,0.06850876876694664,0.11418128127824442,7.04811325957082e-05,11.2,0.32142857142857145,36.24
2006-04-02,0.020375,0.000867969268724062,0.5142163059893009,0.0,0.4368549733270419,0.07736133266225899,0.12865527752765832,7.142205812953123e-05,12.399999999999999,0.31612903225806455,36.2
2006-04-03,0.0275,0.0009487838428261804,0.5678312895561326,0.0,0.4820453675072879,0.08578592204884472,0.14222826234384753,7.986409799968675e-05,13.599999999999998,0.32058823529411756,36.279999999999994
2006-04-04,0.032375,0.0010091208545305493,0.6233436132657497,0.0,0.5286965365447573,0.09464707672099235,0.156343056343133,7.46217658483541e-05,14.799999999999997,0.3263513513513513,36.39
2006-04-05,0.034,0.00103048820160879,0.6657234802275648,0.0,0.5642392065947891,0.10148427363277569,0.16715090178829262,9.040244420521786e-05,15.999999999999996,0.30687499999999995,36.11
2006-04-06,0.0344375,0.0010363606060427237,0.7026425234768234,0.0,0.5951810567419927,0.10746146673483065,0.1765754585015486,0.00011741025347972148,17.199999999999996,0.29809901341011935,35.96730303065405
2006-04-07,0.036812500000000005,0.0010684178940645838,0.7568958884339968,0.0,0.6406424943660907,0.1162533940679061,0.19042875590382316,9.080282840091207e-05,18.399999999999995,0.2960831657944367,35.927930250617635
2006-04-08,0.0416875,0.0011334400168365579,0.7957328906533582,0.0,0.6731535557520778,0.12257933490128038,0.20035995032058665,7.260804295473431e-05,19.599999999999994,0.30149306357245564,36.02926404602013
2006-04-09,0.04575,0.0011754216698639905,0.8208592863365718,0.0,0.694144382265794,0.12671490407077782,0.20680425434988442,0.00013089323664406077,20.799999999999994,0.3266964330717845,36.555285807893114
2006-04-10,0.048875,0.0012082057478260168,0.8405143039249808,0.0,0.7105364212468073,0.12997788267817356,0.2118577578342354,0.00011371876552508253,21.999999999999993,0.29999999999999993,35.99999999999999
2006-04-11,0.050812500000000003,0.0012125774534306336,0.8431387116628326,0.0,0.7127222740491156,0.13041643761371696,0.2125338018872631,0.00010545818304709765,23.199999999999992,0.29933072234123337,35.98447275831661
2006-04-12,0.052125000000000005,0.0012125774534306336,0.8431387116628326,0.0,0.7127222740491156,0.13041643761371696,0.2125338018872631,9.316314256219228e-05,24.39999999999999,0.3114943399943191,36.28046189586138
2006-04-13,0.058125,0.0012430919696984621,0.8614821363547591,0.0,0.7279795321830298,0.1335026041717293,0.21726837323734927,8.577714098413318e-05,25.59999999999999,0.30624999999999997,36.16
2006-04-14,0.0671875,0.0013133230262609458,0.9038075310965474,0.0,0.7630950604642717,0.1407124706322758,0.22823264993615294,0.00013137556279566856,26.79999999999999,0.30895522388059704,36.239999999999995
2006-04-15,0.0730625,0.001425541326506986,0.9716964734894635,0.0,0.8192042105872919,0.1524922629021716,0.24591565873820345,8.675488892491728e-05,27.99999999999999,0.3,36.0
2006-04-16,0.0770625,0.0014902078024719256,1.0109154629950312,0.0,0.8515374485697618,0.15937801442526944,0.2561672467274239,0.00016424251737479203,29.19999999999999,0.31047829231831686,36.30596613569485
2006-04-17,0.08862500000000001,0.0016877858103061124,1.130946602777883,0.0,0.9503264524868552,0.18062015029102782,0.28761819507629427,0.00021151746442614415,30.399999999999988,0.3046052631578947,36.14
2006-04-18,0.09856250000000001,0.0019219979853286602,1.2739365521952521,0.0,1.067432539998129,0.20650401219712322,0.3253456927845316,0.00022736287721449434,31.599999999999987,0.2997050958504971,35.990681028875706
2006-04-19,0.1078125,0.0021894529232287644,1.4379181052396408,0.0,1.201160008948181,0.23675809629145964,0.36886951840777654,0.00022651450189077588,32.79999999999999,0.2983118924945028,35.94463007381969
2006-04-20,0.1156875,0.002450215491084027,1.6371957840292142,0.0,1.3630264172587432,0.274169366770471,0.42205387030504393,0.00030512123314512104,33.99999999999999,0.2977023488244585,35.92187986003159
2006-04-21,0.1255,0.002807885707331063,1.8758704223224414,0.0,1.5562357745318447,0.31963464779059675,0.48605135447320325,0.000379425456728004,35.199999999999996,0.29705688826744653,35.89640246701411
2006-04-22,0.138625,0.0032579372354260283,2.155032738542995,0.0,1.7812615385793276,0.3737711999636676,0.5613412993094355,0.00015447316635955357,36.4,0.297261262383118,35.900309950745495
2006-04-23,0.1444375,0.003489852407602575,2.2997118387568474,0.0,1.8972191246676011,0.4024927140892462,0.6006644508651514,0.00029376210904290604,37.6,0.29630946967986305,35.86123605996285
2006-04-24,0.15,0.0037762478209235673,2.5912623262234074,0.0,2.1302982507774693,0.4609640754459382,0.6801778958176291,0.0005901800626838733,38.800000000000004,0.29600420477464573,35.84496314525625
2006-04-25,0.163125,0.004432282875030476,3.002569570177581,0.0,2.4583157778309226,0.5442537923466585,0.7927189261787783,0.0008314024314300349,40.00000000000001,0.2953947612777073,35.815790451108285
2006-04-26,0.17881249999999999,0.005241621026312008,3.512931388665915,0.0,2.862984853471688,0.6499465351942271,0.9334394671887528,0.00035530327118024667,41.20000000000001,0.2946828693093275,35.78093421554429
2006-04-27,0.18899999999999997,0.0058189868120757,3.8795521207371713,0.0,3.151667746353534,0.7278843743836374,1.0354542798786608,0.0009122524749802831,42.40000000000001,0.29948714993760567,35.978255157354475
2006-04-28,0.19849999999999998,0.006649670867617455,4.562102965003142,0.0,3.6866852256314147,0.8754177393717271,1.2265040042311426,0.0007707324271869075,43.600000000000016,0.2940127634184858,35.738956485045975
2006-04-29,0.20406249999999998,0.0071952029469984505,5.2068556534819965,0.0,4.189930817806372,1.0169248356756238,1.4079673824378587,0.000566374244689757,44.80000000000002,0.29390968781507093,35.72715401411517
2006-04-30,0.20906249999999998,0.007720482914129167,5.663821111256992,0.0,4.545714127110595,1.1181069841463969,1.5369918107577218,0.0008192792514425739,46.00000000000002,0.3122315878239707,36.56265303990265
2006-05-01,0.21412499999999998,0.008286367022719088,6.3119264983824035,0.0,5.049180619793628,1.2627458785887753,1.7205120531227007,0.00041164788912763286,47.200000000000024,0.3,36.0
2006-05-02,0.219125,0.008881481490695925,6.804846757399481,0.0,5.431221547296434,1.373625210103048,1.8604960409074365,0.0013933685703656615,48.40000000000003,0.30804212803333947,36.38923899681363
2006-05-03,0.23024999999999998,0.010290355482184285,7.880691592783332,0.0,6.263179082528986,1.617512510254346,2.166901908653257,0.0020688768332654964,49.60000000000003,0.3,36.0
2006-05-04,0.24937499999999999,0.012089249522053582,9.049696541279294,0.0,7.162626102463635,1.8870704388156585,2.501966442264848,0.0030812892345231206,50.80000000000003,0.29931645961404063,35.965276148393265
2006-05-05,0.2673125,0.014327327301390613,10.51686761799468,0.0,8.28166499213215,2.2352026258625317,2.9270976161652023,0.003760545459373526,52.000000000000036,0.298430027571046,35.918361433694386
2006-05-06,0.287375,0.01703775923811421,12.308437139213607,0.0,9.636880960493945,2.671556178719662,3.451526506475953,0.00477701977120058,53.20000000000004,0.29764944976158914,35.874950727316545
2006-05-07,0.30556249999999996,0.02031422650649331,14.494442805857988,0.0,11.275114594683494,3.2193282111744943,4.09868200569701,0.006612613606619534,54.40000000000004,0.2968491327305953,35.82859282054438
2006-05-08,0.32531249999999995,0.024071841327853602,17.022939554566427,0.0,13.15392200536364,3.869017549202788,4.854887747015318,0.007214436329522077,55.600000000000044,0.29597318989549964,35.77610935818978
2006-05-09,0.34462499999999996,0.028513464345811288,20.03977008063452,0.0,15.374733514342484,4.665036566292036,5.767110935949298,0.008416657153213637,56.80000000000005,0.2951869989793401,35.726621542026514
2006-05-10,0.36306249999999995,0.03406972528377779,23.848656680040868,0.0,18.152863983325737,5.695792696715131,6.931205134818054,0.008845473466841794,58.00000000000005,0.2943685101618808,35.67337358938909
2006-05-11,0.3794375,0.04091649729353649,28.58410116821781,0.0,21.576249988205078,7.007851180012732,8.393234285100887,0.009270181752346252,59.20000000000005,0.2936541002305088,35.624322733646125
2006-05-12,0.395375,0.04908604366756714,34.279571030681076,0.0,25.661023175220414,8.618547855460664,10.167495497451558,0.010563582653604837,60.400000000000055,0.29308316518187166,35.58222317698505
2006-05-13,0.41262499999999996,0.05855285538619177,40.931174658764675,0.0,30.394429034532727,10.536745624231944,12.257684543292168,0.01116028785576688,61.60000000000006,0.29252942607820404,35.53981264641737
2006-05-14,0.42768749999999994,0.06954002708778888,48.71707578751287,0.0,35.88801488533129,12.829060902181581,14.727307788432256,0.012069958856564223,62.80000000000006,0.2920559600788339,35.50111429295077
2006-05-15,0.44081249999999994,0.08213964657564905,57.712828191841446,0.0,42.18782462926138,15.525003562580066,17.60398210560026,0.013624701392807593,64.00000000000006,0.29163795188527114,35.464828920657354
2006-05-16,0.45574999999999993,0.09515274771516723,67.06514160259614,0.0,48.69437519902046,18.370766403575676,20.615860059285275,0.011663346210290623,65.20000000000006,0.29169182553364464,35.45830702479363
2006-05-17,0.47106249999999994,0.10794469632502922,76.32812508155992,0.0,55.090349503951465,21.23777557760845,23.62293435596649,0.016295332771679254,66.40000000000006,0.2909399790110203,35.39841460633175
2006-05-18,0.4863124999999999,0.126007552703134,89.51022615068824,0.0,64.12177769300385,25.388448457684394,27.937384374200725,0.017589486967617925,67.60000000000007,0.29453789573307293,35.63076175155573
2006-05-19,0.5015,0.14606677120237316,104.26419432966925,0.0,74.15138694262347,30.112807387045777,32.80558162396814,0.010727293233076904,68.80000000000007,0.30466908008447363,36.32123270981179
2006-05-20,0.5133749999999999,0.15669369927122984,112.14212017485002,0.0,79.46485097705178,32.677269197798246,35.42594243737216,0.01392018358162481,70.00000000000007,0.3125714285714285,36.879999999999995
2006-05-21,0.5252499999999999,0.17289019033603736,124.22330622611855,0.0,87.56309650945553,36.660209716663026,39.4696313860092,0.018317134405550686,71.20000000000007,0.3481741573033707,39.43
2006-05-22,0.5389999999999999,0.19381847261171592,139.93139717665883,0.0,98.02723764729483,41.90415952936401,44.76019667455379,0.03413181178798908,72.40000000000008,0.32826310052401625,38.04624847793878
2006-05-23,0.5549375,0.22119863716606836,160.63160474780304,0.0,111.71731992447106,48.91428482333199,51.78252937588044,0.02682222286171513,73.60000000000008,0.30784277676875216,36.577228370180165
2006-05-24,0.5646249999999999,0.2530727946530838,184.9343834290443,0.0,127.65439866797865,57.279984761065634,60.09584852574197,0.027155133023228483,74.80000000000008,0.3052139037433155,36.39
2006-05-25,0.5741249999999999,0.28667765525220934,210.68992177347516,0.0,144.45682896754136,66.23309280593381,68.95062074093708,0.017416334696680427,76.00000000000009,0.3147368421052631,37.12
2006-05-26,0.5826874999999999,0.31330202869741625,231.19998807759518,0.0,157.76901569014487,73.43097238745031,76.03683854679939,0.011213359464379319,77.20000000000009,0.3062176165803109,36.480000000000004
2006-05-27,0.5919374999999999,0.3345373578356285,247.63449081831635,0.0,168.38668025925097,79.24781055906539,81.7401755279471,0.015932799172213578,78.40000000000009,0.31696428571428564,37.33
2006-05-28,0.6061249999999999,0.3521020235350578,261.29664699449603,0.0,177.16901310896563,84.12763388553041,86.50411976899036,0.09194687587252778,79.6000000000001,0.3055276381909548,36.44
2006-05-29,0.618875,0.406589797088808,304.00828739446877,0.0,204.41289988584072,99.59538750862802,101.5067341864409,0.05287835560196795,80.8000000000001,0.3002171281873651,36.017543957539104
2006-05-30,0.6289374999999999,0.46490705962222695,350.043839950378,0.0,233.5715311525502,116.47230879782784,117.78305867356468,0.05459101749918351,82.0000000000001,0.30631569151994825,36.51788670463576
2006-05-31,0.6363125,0.52943978510441,401.2707069081886,0.0,265.8378938936419,135.4328130145467,135.98835242071493,0.03173215667030604,83.2000000000001,0.30204326923076924,36.17
2006-06-01,0.6431874999999999,0.5739691369729049,436.76410509861654,0.0,288.1025698278893,148.66153527072726,148.64980351829712,0.06109811930263646,84.4000000000001,0.30296208530805685,36.25
2006-06-02,0.6513749999999999,0.6453941514208482,493.9146895150883,0.0,323.815077051861,170.09961246322732,169.1085508381487,0.10480019758526038,85.60000000000011,0.30044030705222863,36.03769028367077
2006-06-03,0.6605624999999999,0.7518024289077777,579.4493116522259,0.0,377.01921579532564,202.4300958569003,199.8560736752244,0.08893003943852984,86.80000000000011,0.2981412149955066,35.83865746160998
2006-06-04,0.6743125,0.846582576633496,656.0327546703251,0.0,424.40928965818483,231.62346501214026,227.5146444148529,0.12230939784868124,88.00000000000011,0.2967592417868404,35.71481327724196
2006-06-05,0.68525,0.9733877325261566,759.2958589666331,0.0,487.81186760451516,271.48399136211793,265.0693922055324,0.10857859859572712,89.20000000000012,0.29499294528057873,35.553370719027626
2006-06-06,0.6935,1.1027934350491801,865.3378580431286,0.0,552.5147188660274,312.8231391771012,303.84839955547267,0.15482650685617752,90.40000000000012,0.2936585395240443,35.426731972973606
2006-06-07,0.70275,1.2627353201126112,997.0260430198125,0.0,632.4856613977431,364.5403816220694,352.20671251486357,0.1622164106146472,91.60000000000012,0.29158543333719783,35.22922569368732
2006-06-08,0.714375,1.4314037577712297,1136.643564828159,0.0,716.8198802270522,419.82368460110683,403.7158804829306,0.23590094688543203,92.80000000000013,0.2896597304895971,35.0404229894346
2006-06-09,0.7285625,1.6243014139894987,1297.3999844069026,0.0,813.2687083361866,484.13127607071607,463.3707374541014,0.2802249789793988,94.00000000000013,0.2869534710517313,34.773626278862736
2006-06-10,0.745875,1.8293029921790342,1469.6693134037343,0.0,915.7694974309545,553.8998159727798,527.7531864481188,0.34718965575666627,95.20000000000013,0.28385968418111285,34.46344193404194
2006-06-11,0.7653749999999999,2.0453927424199474,1653.124652084985,0.0,1023.8143725514102,629.3102795335747,596.9103773631216,0.44209306043971464,96.40000000000013,0.2801398502872535,34.08548156769123
2006-06-12,0.7878749999999999,2.264846676672492,1841.620499583924,0.0,1133.5413396776835,708.0791599062405,668.658790605796,0.48686983526914274,97.60000000000014,0.27555830562052736,33.614490628563466
2006-06-13,0.8103749999999998,2.49336455955006,2040.5933946982097,0.0,1247.8002811164677,792.7931135817421,745.2417403669365,0.40148319531940446,98.80000000000014,0.270659156773832,33.1011246892546
2006-06-14,0.8328749999999998,2.725025479752019,2245.107609334839,0.0,1363.630741217447,881.4768681173919,824.8330422629214,0.18123580159064806,100.00000000000014,0.2668049329995046,32.680493299950456
2006-06-15,0.8506249999999999,2.9052392544964047,2406.4467243601953,0.0,1453.7376285896396,952.7090957705556,888.3167767483337,0.07237325313412177,101.20000000000014,0.26908802587450226,32.87170821849962
2006-06-16,0.8636874999999998,2.9569740477165913,2453.2840859582816,0.0,1479.6050251997328,973.6790607585489,906.9063979929849,0.23205357693305617,102.40000000000015,0.27493972921335846,33.43382827144791
2006-06-17,0.8772499999999999,3.1699932819226433,2647.7478325447373,0.0,1586.114642302759,1061.6331902419786,984.579640119723,0.3844671334263089,103.60000000000015,0.2723585543459445,33.136346230239845
2006-06-18,0.8945624999999998,3.436312488066998,2892.994241039205,0.0,1719.274245374936,1173.7199956642687,1083.182074321615,0.38455363963800354,104.80000000000015,0.26890911433911274,32.74167518273901
2006-06-19,0.9154374999999998,3.6848567818853786,3124.4552646813945,0.0,1843.5463922841266,1280.908872397268,1177.02296241256,0.353517464234192,106.00000000000016,0.26555185477307963,32.34849660594644
2006-06-20,0.9361874999999998,3.932075520364634,3357.858018879345,0.0,1967.1557615237543,1390.7022573555907,1272.6364544776156,0.3567088335240536,107.20000000000016,0.26257373506744913,31.987904399230544
2006-06-21,0.9558749999999998,4.174478384194791,3589.8960345950027,0.0,2088.357193438832,1501.538841156171,1368.7574065883864,0.19590110057191532,108.40000000000016,0.25964352680061803,31.625358305186985
2006-06-22,0.9723124999999998,4.250742869908353,3663.8754801829655,0.0,2126.489436295612,1537.3860438873535,1399.727817803634,0.2815968630795627,109.60000000000016,0.2583667554383147,31.436996396039287
2006-06-23,0.9873749999999998,4.417608511684525,3827.568545732456,0.0,2209.922257183698,1617.646288548758,1468.8587641772062,0.2554220184296506,110.80000000000017,0.256153472312341,31.141804732207373
2006-06-24,1.0,4.617355290688223,4025.565526419334,0.0,2309.7956466855476,1715.7698797337866,1553.148918585776,0.34490954057867546,112.00000000000017,0.2543177550277585,30.883588563108944
2006-06-25,1.009607142857143,4.852480086442153,4260.690322173263,0.0,2427.3580445625116,1833.3322776107514,1653.916688194603,0.16602830342748676,113.20000000000017,0.251725239685359,30.535297132382627
2006-06-26,1.02,4.932452245260917,4349.380943191604,2.414179820933786,2470.4252598723647,1876.541503498306,1690.2115917881472,0.09511778962298847,114.40000000000018,0.2585487278348811,31.257974464310387
2006-06-27,1.0293214285714285,4.9638588363646114,4391.042862245646,4.7750219006627095,2490.006361827764,1896.2614785172182,1706.4134491980515,0.22872086072946723,115.60000000000018,0.25818312134865723,31.165968827904766
2006-06-28,1.0379285714285713,5.114237678498518,4567.409195687037,19.427074971147746,2570.4325592758505,1977.5495614400384,1771.8696188837819,0.3643597715803589,116.80000000000018,0.2565538836599382,30.925493611480775
2006-06-29,1.0461071428571427,5.349720291462542,4850.916700896048,49.894006513073215,2696.056759887572,2104.965934495403,1872.5558096312277,0.44542197946388035,118.00000000000018,0.25388654943768335,30.558612833646627
2006-06-30,1.0559285714285713,5.572214654252255,5137.723405182509,87.3615466260193,2819.6243555004194,2230.7375030560706,1970.153285136108,0.4875829272182314,119.20000000000019,0.25059143445943677,30.110498987564856
2006-07-01,1.0684285714285713,5.768368939482747,5413.902023224115,131.12599406354053,2934.5442511719457,2348.2317779886275,2059.3248185243874,0.5752631113069673,120.0,0.24683615581976806,29.620338698372166
2006-07-02,1.0807857142857142,5.950297844572805,5695.914750779566,185.80289026554172,3046.60402284273,2463.5078376712945,2144.3113646049583,0.6203917963682551,120.0,0.2420197537643441,29.04237045172129
2006-07-03,1.0936428571428571,6.099190398923654,5959.121177263003,246.0489612416969,3146.3122573323667,2566.75995868894,2218.2095004459306,0.6256022969650098,120.0,0.23682732611337692,28.41927913360523
2006-07-04,1.1065,6.214622801605347,6199.841337835776,309.91717813080874,3232.859752206871,2657.0644074980974,2280.799775299206,0.5363353885513872,120.0,0.23159409336016495,27.791291203219796
2006-07-05,1.119357142857143,6.319875670294808,6447.669771787461,384.69940807572954,3317.1833768589313,2745.7869868528005,2340.260162118364,0.44112695731479334,120.0,0.22710786057204393,27.25294326864527
2006-07-06,1.1322142857142858,6.409783573454304,6694.860618861254,468.2940556093632,3396.52281052508,2830.0437527268105,2394.758083158345,0.4134374375719827,120.0,0.2234201229955334,26.81041475946401
2006-07-07,1.1450714285714287,6.490359453948875,6950.187126841701,563.94118925961,3473.5493467004667,2912.6965908816237,2446.2353784330912,0.2911643776947944,120.0,0.23671414793374898,28.40569775204988
2006-07-08,1.1575000000000002,6.536464116928234,7169.541928608496,654.1038468858262,3535.4935758993975,2979.9445058232727,2486.4501164123135,0.3823947878174339,120.0,0.23419151226617474,28.102981471940968
2006-07-09,1.1696428571428574,6.5981159144786785,7438.617884876531,774.1789923704375,3606.4623593650913,3057.976533141003,2532.7415429615653,0.41857124768595977,120.0,0.2310396260265962,27.724755123191542
2006-07-10,1.1824285714285716,6.628703934985905,7671.2977600129125,886.0176823541439,3663.593578706614,3121.6864989521546,2571.1181642693487,0.43518139167460523,120.0,0.22743022710701732,27.29162725284208
2006-07-11,1.1945714285714288,6.678538294441787,7969.959151153807,1040.3900666464701,3731.1977178870056,3198.371366620331,2618.170509300617,0.24100471516773483,120.0,0.28210317329599816,33.85238079551978
2006-07-12,1.205214285714286,6.681287187930595,8188.361035023332,1160.7919051968272,3776.656510000991,3250.912619825514,2651.064645475396,0.4441850337343678,120.0,0.2802758854314682,33.633106251776184
2006-07-13,1.2152500000000004,6.720598670815306,8520.43570134723,1353.8735573149884,3840.4741449827384,3326.087999049505,2699.0845527828415,0.4964569158242737,120.0,0.27644876361260284,33.17385163351234
2006-07-14,1.2262857142857146,6.744662553686719,8843.98227440603,1551.1965235592231,3897.782331735777,3395.003419111029,2744.0570394663996,0.5167775450357203,120.0,0.2722674127779925,32.6720895333591
2006-07-15,1.2369285714285718,6.758322438328233,9172.765875418903,1761.9937808943346,3950.575584241273,3460.196510283296,2787.7509296592693,0.5283422825095164,120.0,0.26792453291961776,32.15094395035413
2006-07-16,1.246821428571429,6.762210955778886,9506.769076252378,1986.2093343681302,3998.8748328189417,3521.684909065306,2830.193240455109,0.6514128551896892,120.0,0.26348815427081235,31.618578512497482
2006-07-17,1.2596785714285719,6.745030715595302,9798.648664531482,2190.3287223928146,4036.751421533661,3571.5685206050057,2865.7183170229678,0.6151162411932589,120.0,0.25802402252398926,30.96288270287871
2006-07-18,1.2725357142857148,6.7179335509896365,10092.137438249481,2406.2648346128203,4069.1766901585406,3616.695913478121,2899.416950656688,0.5619460259874008,120.0,0.2528655455953874,30.343865471446488
2006-07-19,1.2853928571428577,6.6797545499406725,10378.452175489521,2627.3526436481698,4095.287571642199,3655.811960199153,2930.3430793584766,0.6392288644308192,120.0,0.24815548899765436,29.77865867971852
2006-07-20,1.2982500000000006,6.626288412741489,10620.218403442741,2822.847981557462,4112.673153784478,3684.697268100802,2954.831736577901,0.5187106254740903,120.0,0.24279835699613958,29.13580283953675
2006-07-21,1.3111071428571435,6.567252827362711,10869.184527051875,3033.2347295956642,4125.774996039408,3710.1748014168033,2979.4547597919914,0.5343367344902029,120.0,0.2384523171157193,28.614278053886316
2006-07-22,1.3239642857142864,6.511856887290677,11134.944155494672,3259.130413772041,4139.062977461548,3736.750764261083,3005.6067171965633,0.3662026306145194,120.0,0.23397511447139566,28.07701373656748
2006-07-23,1.3368214285714293,6.4522025743428175,11327.870830127284,3423.1180872097607,4148.709311193178,3756.0434317243444,3024.4807980080927,0.3568303855153834,120.0,0.23115721757028015,27.73886610843362
2006-07-24,1.3496785714285722,6.39934930585408,11556.677384966337,3617.603658822956,4160.1496389351305,3778.9240872082496,3046.7337714623327,0.46593916262283375,120.0,0.22807145008338944,27.368574010006732
2006-07-25,1.362535714285715,6.35468369976287,11839.277784934076,3857.8139987955346,4174.279658933518,3807.1841272050237,3074.0566215886834,0.5117535575400819,120.0,0.22416749107637596,26.900098929165114
2006-07-26,1.375392857142858,6.3045286410092025,12043.53303099184,4031.430957944634,4184.492421236406,3827.6096518108,3093.6878526491173,0.4666992531123123,120.0,0.2198776938323018,26.385323259876216
2006-07-27,1.3882500000000009,6.254314286950308,12221.17022521207,4182.422573031829,4193.374280947417,3845.373371232823,3110.6592115060257,0.26891056806629776,120.0,0.21596576520581798,25.915891824698157
2006-07-28,1.4011071428571438,6.203895646757939,12371.034715450103,4309.807389734158,4200.867505459319,3860.3598202566263,3124.891574711643,0.2767072025687865,120.0,0.2137136253022746,25.645635036272953
2006-07-29,1.4139642857142867,6.156595296567622,12526.575796876878,4442.017308946916,4208.644559530658,3875.9139283993036,3139.574276684828,0.3437749375588875,120.0,0.21214616383781326,25.45753966053759
2006-07-30,1.4268214285714296,6.1190763033147455,12756.300646835256,4637.283431411539,4220.130802028576,3898.8864133951415,3161.1287948652994,0.32111697263142186,120.0,0.20915493912462393,25.09859269495487
2006-07-31,1.4396785714285725,6.075476016108637,12906.675079029159,4765.101698776354,4227.6495236382725,3913.9238566145314,3175.152428267736,0.3468879236399346,120.0,0.21088295761783094,25.30595491413971
2006-08-01,1.4515000000000011,6.042533693180334,13142.315803106801,4965.396314242352,4239.431559842154,3937.4879290222957,3196.993788860065,0.19137050507939082,120.0,0.2079399581697779,24.952794980373348
2006-08-02,1.4618214285714297,5.998691661766772,13253.019187478474,5059.494190958274,4244.966729060738,3948.558267459463,3207.1969586228565,0.2379136348026356,120.0,0.21435186530697933,25.72222383683752
2006-08-03,1.4719285714285726,5.963114749437576,13425.377078831694,5205.998398608511,4253.584623628398,3965.794056594785,3223.0040627180024,0.15726537725182071,120.0,0.2192693195578005,26.31231834693606
2006-08-04,1.4812857142857154,5.924158017532028,13547.081167943903,5309.446874353889,4259.669828084008,3977.964465506006,3234.111383053651,0.2678355900809374,120.0,0.22389436210836722,26.867323453004065
2006-08-05,1.4929285714285725,5.895761788574357,13756.121217124666,5487.130916157536,4270.121830543047,3998.8684704240823,3253.1031780781773,0.33728335069599014,120.0,0.24246312627948197,29.095575153537837
2006-08-06,1.5051071428571439,5.872963976883556,14007.952520830593,5701.187524307575,4282.713395728343,4024.051600794675,3275.853500711278,0.35193334317201985,120.0,0.2686723815617074,32.24068578740489
2006-08-07,1.5168214285714297,5.851807868463969,14265.684467279278,5920.259678788958,4295.599993050777,4049.8247954395433,3298.998747406065,0.24122721798383528,120.0,0.2655901613259841,31.870819359118094
2006-08-08,1.5271785714285726,5.826938279247401,14476.582668696059,6099.5231499932215,4306.144903121616,4070.9146155812214,3317.829535430802,0.19798356920643065,120.0,0.2635371800421783,31.624461605061395
2006-08-09,1.5362500000000012,5.798344871074483,14638.91535631854,6237.5059344723295,4314.26153750274,4087.1478843434697,3332.250124524128,0.1255142973294007,120.0,0.26227743143266863,31.473291771920234
2006-08-10,1.5441785714285727,5.764717565943628,14737.98455352845,6321.714752100752,4319.214997363236,4097.054804064461,3341.0113460460925,0.1573773164813569,120.0,0.2625941349076698,31.511296188920376
2006-08-11,1.5519285714285727,5.737347997560471,14884.566569703005,6446.309465849124,4326.544098171964,4111.713005681916,3353.9234040082474,0.14001836930884495,120.0,0.2626270219383436,31.515242632601232
2006-08-12,1.5591071428571441,5.712709917001647,15046.310284639749,6583.791623545358,4334.6312839188,4127.887377175591,3368.1160709173055,0.1842253926518848,120.0,0.2694757320061381,32.33708784073657
2006-08-13,1.5671785714285726,5.6922764364793075,15239.242598482248,6747.784090311482,4344.277899610926,4147.180608559841,3384.9847959835315,0.3137539566678997,120.0,0.268523282617437,32.22279391409244
2006-08-14,1.5750000000000013,5.681931807725726,15524.118468460329,6989.928579792849,4358.521693109829,4175.668195557649,3409.7917858072587,0.11782817720450185,120.0,0.2657634391416057,31.891612696992688
2006-08-15,1.5837857142857157,5.651899223112577,15607.606910324437,7060.953389978673,4362.696115203035,4183.957405142728,3416.953117954126,0.15975815795436588,120.0,0.272605048909839,32.71260586918068
2006-08-16,1.5936071428571443,5.625697784939678,15716.39798648719,7153.640056530275,4368.135669011173,4194.622260945744,3426.0598841487913,0.28160064412139313,120.0,0.27269297547615773,32.72315705713893
2006-08-17,1.6048571428571443,5.611668164104056,15935.65320592011,7340.746420089303,4379.098429982819,4215.808355847988,3443.9087402336627,0.23736287250871907,120.0,0.28229644397838805,33.875573277406566
2006-08-18,1.6163571428571444,5.595806915238125,16130.602659870812,7507.424224656867,4388.845902680354,4234.33253253359,3459.2672288385816,0.2551924787846208,120.0,0.28036483852443017,33.64378062293162
2006-08-19,1.628285714285716,5.578079962134928,16300.154301690443,7652.665967300912,4397.323484771336,4250.164849618197,3472.172118670078,0.30820738414941207,120.0,0.28061145757518463,33.67337490902216
2006-08-20,1.6401428571428587,5.566327877617767,16521.959482016508,7843.047238202004,4408.413743787639,4270.498500026863,3488.442910848069,0.14782764715092644,120.0,0.27938999838200324,33.52679980584039
2006-08-21,1.6498928571428586,5.546108254232057,16654.142775660614,7956.727568354174,4415.022908469844,4282.392298836596,3497.7791570633653,0.20687611183844065,120.0,0.29290782112800445,35.148938535360536
2006-08-22,1.6595357142857157,5.533883233378677,16857.803394265262,8132.163526840666,4425.205939400077,4300.433928024516,3511.709650928101,0.21970309356125875,120.0,0.2998226194580065,35.97871433496078
2006-08-23,1.6683928571428586,5.524821583142953,17088.00310115023,8330.777719862077,4436.715924744325,4320.509456543826,3526.949707070965,0.26743697435359254,120.0,0.29879351103382756,35.85522132405931
2006-08-24,1.67757142857143,5.518203664652319,17338.876278735814,8547.546224913132,4449.259583623604,4342.070470199077,3543.0541803689034,0.17033752097097382,120.0,0.2964338474789472,35.572061697473664
2006-08-25,1.6866785714285728,5.503410821899793,17505.258107661277,8691.527626789184,4457.578675069877,4356.1518058022175,3553.3896158015023,0.13532636191990582,120.0,0.30298694278093397,36.358433133712076
2006-08-26,1.6955357142857157,5.484784621060485,17627.197493211686,8797.208634979446,4463.675644347398,4366.313213884845,3560.7142702993815,0.13211517280176469,120.0,0.32208333333333333,38.65
2006-08-27,1.7036428571428586,5.466964027289817,17749.541326768194,8903.394967864473,4469.792836025224,4376.3535228784995,3567.820134040316,0.19464684442061378,120.0,0.30875014917729743,37.050017901275694
2006-08-28,1.712964285714287,5.456046582552155,17933.63798522523,9063.391870899613,4478.9976689480745,4391.248445377539,3578.1790608617957,0.14642918292081397,120.0,0.304,36.48
2006-08-29,1.7209285714285727,5.441260296629091,18074.607392595397,9186.094951540295,4486.046139316583,4402.466301738521,3585.8186234081477,0.17216587004088652,120.0,0.31916666666666665,38.3
2006-08-30,1.7282500000000012,5.431294228884688,18257.79172567643,9345.751313187746,4495.205355970635,4416.83505651805,3595.422216231408,0.16437433106439617,120.0,0.3186429626658732,38.23715551990479
2006-08-31,1.735857142857144,5.420718712973198,18430.86207887995,9496.773739609944,4503.85887363081,4430.229465639194,3604.2153140902747,0.1546357016438499,120.0,0.31260570303417357,37.51268436410083
2006-09-01,1.7460000000000013,5.405195545929166,18550.204673482607,9601.042633845342,4509.826003360944,4439.336036276323,3610.078523003489,0.14556453201800634,120.0,0.3,36.0
2006-09-02,1.7558571428571441,5.389365049328854,18660.26002813031,9697.356791355602,4515.328771093329,4447.57446568138,3615.2402481795957,0.11315332692333116,120.0,0.2988452669343419,35.86143203212102
2006-09-03,1.767464285714287,5.363159503420283,18660.26002813031,9697.356791355602,4515.328771093329,4447.57446568138,3615.2402481795957,0.23278608329235076,120.0,0.30101903779073963,36.122284534888756
2006-09-04,1.7773928571428586,5.358749417537489,18867.84892166358,9879.66326408513,4525.708215769992,4462.477441808454,3624.004078887984,0.11294122078496063,120.0,0.299034944917422,35.88419339009064
2006-09-05,1.78757142857143,5.124167744594385,18938.477282682652,9941.789916320924,4529.239633820946,4467.4477325407815,3626.83378871716,0.25928757008720815,120.0,0.29803616778803815,35.76434013456458
2006-09-06,1.8001428571428586,4.900943517560699,19130.263650647372,10110.76936252788,4538.828952219182,4480.6653359003085,3634.096226575327,0.1502954714838304,120.0,0.29584373705662564,35.501248446795074
2006-09-07,1.80857142857143,4.842108851466055,19304.561846836543,10264.653327126653,4547.54386202864,4492.364657681252,3640.22560918066,0.22242893553105544,120.0,0.29465591831615906,35.35871019793909
2006-09-08,1.81632142857143,4.698236148017687,19534.491230114578,10467.929671690006,4559.040331192542,4507.521227232029,3647.8967105418697,0.23956435692431793,120.0,0.29269402331053507,35.12328279726421
2006-09-09,1.8231785714285729,4.521684153909714,19766.439079071824,10673.247304090699,4570.637723640404,4522.554051340722,3655.251859101256,0.3140545156114097,120.0,0.29066854862634917,34.8802258351619
2006-09-10,1.8337142857142872,4.542221431493048,19971.811854905172,10855.242161548444,4580.906362432072,4535.663330924655,3661.4649262476096,0.23718516779627222,120.0,0.28801315345916356,34.561578415099625
2006-09-11,1.8442500000000015,4.241049245225807,20172.682255969106,11033.549487358177,4590.949882485269,4548.182886125661,3667.0934982565095,0.26334173433146213,120.0,0.2860090001933273,34.32108002319928
2006-09-12,1.8561071428571443,4.220578643298727,20359.59827580629,11199.751206854115,4600.2956834771285,4559.551385475044,3671.915714904101,0.3018862006016824,120.0,0.28377892711121255,34.053471253345506
2006-09-13,1.8689642857142872,4.07572098595135,20519.545651294236,11342.243916962923,4608.293052251525,4569.008682079788,3675.6440129242246,0.2985927338750173,120.0,0.2812242963057725,33.7469155566927
2006-09-14,1.88182142857143,3.5924504403810174,20670.676120082288,11477.159474382894,4615.849575690929,4577.667070008467,3678.7609115121286,0.32359471920754984,120.0,0.2786968669087045,33.443624029044535
2006-09-15,1.894678571428573,3.3788654586511453,20833.224216214086,11622.566210315978,4623.976980497518,4586.681025400592,3681.679026332419,0.21938688793883682,120.0,0.2759474801028593,33.11369761234312
2006-09-16,1.9075357142857159,3.1705411612357906,20991.176675476236,11764.152054806926,4631.874603460626,4595.1500172086835,3684.094860118409,0.10145169675776453,120.0,0.27407758350456496,32.889310020547796
2006-09-17,1.9172500000000017,2.98242946098387,21104.22436274976,11865.69367925688,4637.526987824302,4601.003695668576,3685.5250154521236,0.09489806339279816,120.0,0.27320898840878094,32.78507860905371
2006-09-18,1.9275000000000018,2.988970018712914,21169.6299400402,11924.533003770055,4640.797266688824,4604.29966958132,3686.2224017176386,0.1000551371045666,120.0,0.27239497562613874,32.68739707513665
2006-09-19,1.9355357142857161,2.824686069444823,21257.740344849364,12003.832368098303,4645.2027869292815,4608.705189821778,3687.196766383775,0.19613844767380897,120.0,0.2732051942970775,32.7846233156493
2006-09-20,1.944392857142859,2.6737736823057876,21435.088966500218,12163.446127584075,4654.070218011824,4617.5726209043205,3689.3402547511805,0.2471240910066147,120.0,0.2711736609213205,32.54083931055846
2006-09-21,1.9556071428571447,2.6894250671132247,21591.602814574595,12304.308590851011,4661.895910415543,4625.398313308039,3691.409624147008,0.27078252740213005,120.0,0.26904954982690793,32.28594597922895
2006-09-22,1.9684642857142876,2.544150960133399,21725.650418099318,12424.951434023264,4668.598290591779,4632.100693484275,3693.375135091367,0.11712864336987583,120.0,0.26672983286838653,32.007579944206384
2006-09-23,1.9800714285714305,2.396919116468986,21793.862704962925,12486.34249220051,4672.008904934959,4635.511307827455,3694.488366743606,0.13658331354393857,120.0,0.2657223009159895,31.88667610991874
2006-09-24,1.992392857142859,2.281784455244906,21881.40067670073,12565.126666764536,4676.385803521849,4639.888206414345,3696.048376945242,0.10535255239905694,120.0,0.2645441187490035,31.745294249880423
2006-09-25,2.003535714285716,2.145868956759615,21941.621361161713,12619.325282779419,4679.396837744898,4642.8992406373945,3697.217803752299,0.059998690916658756,120.0,0.26363231723427333,31.6358780681128
2006-09-26,2.0129642857142875,2.0353787551136535,21979.34373153253,12653.275416113154,4681.28295626344,4644.785359155936,3697.987648045581,0.10231148016080531,120.0,0.2661938627929234,31.94326353515081
2006-09-27,2.022107142857145,1.9123988663033864,22101.62762703771,12763.330922067817,4687.397151038698,4650.8995539311945,3700.4832377497687,0.11284619338526763,120.0,0.2649618930161974,31.79542716194369
2006-09-28,2.032392857142859,1.9224633197706398,22202.272161710243,12853.911003273097,4692.429377772325,4655.931780664821,3702.5372078451264,0.10963773791115376,120.0,0.26397912166194654,31.677494599433587
2006-09-29,2.043142857142859,1.84028767012093,22289.691507492855,12932.588414477446,4696.800345061455,4660.302747953951,3704.321276126404,0.11909910503093704,120.0,0.2630241338670922,31.562896064051067
2006-09-30,2.0530714285714304,1.7244212494600335,22407.38000051881,13038.508058200809,4702.684769712753,4666.1871726052495,3706.723082106526,0.10591317669101448,120.0,0.2619876856450997,31.438522277411966
2006-10-01,2.063178571428573,1.616098962489831,22470.320865877577,13095.154837023696,4705.831812980691,4669.334215873188,3708.007589562827,0.07565264289165032,120.0,0.26230936272960037,31.477123527552042
2006-10-02,2.071892857142859,1.5164191385923693,22529.38767701287,13148.314967045462,4708.785153537457,4672.287556429953,3709.2130346880367,0.05696626381001216,120.0,0.2672181476887939,32.06617772265526
2006-10-03,2.080000000000002,1.4236626170026603,22567.80743266916,13182.892747136122,4710.706141320271,4674.208544212767,3709.9971113340835,0.04563605839676056,120.0,0.2664016366854758,31.968196402257092
2006-10-04,2.0868571428571445,1.3548460891300802,22637.173928237728,13245.322593147834,4714.174466098699,4677.676868991196,3711.4127541007892,0.06575512085524755,120.0,0.26941298998829966,32.32955879859596
2006-10-05,2.0941071428571445,1.3633493963777321,22722.207000714247,13321.8523583767,4718.426119722525,4681.928522615022,3713.14812292684,0.034346214475290356,120.0,0.2740832167215207,32.88998600658248
2006-10-06,2.102785714285716,1.298498859127973,22722.207000714247,13321.8523583767,4718.426119722525,4681.928522615022,3713.1481229268406,0.08422497501904176,120.0,0.2794512632643949,33.53415159172739
2006-10-07,2.110178571428573,1.3078553582093944,22815.77199152846,13406.060850109494,4723.104369263236,4686.606772155733,3715.057612535294,0.056302464481679325,120.0,0.2787418836715333,33.449026040583995
2006-10-08,2.1170357142857155,1.2619709448195158,22879.14548730285,13463.09699630644,4726.273044051955,4689.775446944452,3716.3509491837513,0.05350399850109705,120.0,0.27791812136165256,33.350174563398305
2006-10-09,2.1247857142857156,1.2696551819903874,22955.987859011562,13532.255130844282,4730.115162637391,4693.617565529888,3717.9191608512756,0.02790887588791282,120.0,0.2774460039222567,33.293520470670806
2006-10-10,2.1330357142857155,1.2373176883091876,22980.324565045143,13554.158166274503,4731.33199793907,4694.834400831567,3718.415828321349,0.06545191413171972,120.0,0.27786311342557773,33.34357361106933
2006-10-11,2.1425000000000014,1.244890573559746,23056.05341755072,13622.314133529526,4735.118440564349,4698.620843456846,3719.961315107177,0.03675977368601991,120.0,0.27686895357560615,33.224274429072736
2006-10-12,2.15107142857143,1.222393352224293,23093.118049294797,13655.672302099194,4736.971672151552,4700.474075044051,3720.7177361631784,0.0615524921549292,120.0,0.2765442311361069,33.185307736332824
2006-10-13,2.1569642857142868,1.2268670737629173,23137.855264681042,13695.935795946816,4739.208532920865,4702.710935813362,3721.6307405588163,0.04925778952957119,120.0,0.27600008625499284,33.12001035059914
2006-10-14,2.164142857142858,1.20694225254164,23204.366680911065,13755.796070553835,4742.534103732366,4706.036506624863,3722.9881164002454,0.04871907077138966,120.0,0.2755660160032506,33.06792192039007
2006-10-15,2.1701071428571437,1.213491211398048,23269.856269475145,13814.736700261508,4745.80858316057,4709.310986053068,3724.324638615839,0.07013597499114307,120.0,0.27513753823491816,33.01650458819018
2006-10-16,2.176178571428572,1.202330877569555,23351.17960582283,13887.92770297442,4749.874749977955,4713.377152870452,3725.9842985413015,0.0584824267482577,120.0,0.27452804151974164,32.943364982369
2006-10-17,2.182750000000001,1.2099761266625981,23427.632096753263,13956.734944811813,4753.697374524476,4717.199777416974,3727.544553458249,0.0337328772698786,120.0,0.27401908864718466,32.88229063766216
2006-10-18,2.1903214285714294,1.1902754222436327,23459.43160740266,13985.354504396271,4755.287350056946,4718.789752949444,3728.193523063339,0.03312645628824026,120.0,0.2757218268238917,33.086619218867
2006-10-19,2.1984642857142864,1.193119068973839,23487.868074704726,14010.947324968127,4756.709173422049,4720.211576314547,3728.773859130728,0.047238307941174694,120.0,0.27595101241276226,33.11412148953147
2006-10-20,2.2073214285714293,1.168128332691211,23520.561111846182,14040.37105839544,4758.343825279122,4721.84622817162,3729.44106397035,0.04246598828507761,120.0,0.2753738944869485,33.04486733843382
